Date,Best_Prediction
2025-01-02,38144.82217828247
2025-01-03,38152.41884534927
2025-01-04,38160.01551241608
2025-01-05,38167.61217948288
2025-01-06,38175.20884654969
2025-01-07,38182.8055136165
2025-01-08,38190.4021806833
2025-01-09,38197.99884775011
2025-01-10,38205.59551481692
2025-01-11,38213.19218188372
2025-01-12,38220.78884895053
2025-01-13,38228.38551601733
2025-01-14,38235.98218308414
2025-01-15,38243.57885015095
2025-01-16,38251.17551721775
2025-01-17,38258.77218428456
2025-01-18,38266.36885135136
2025-01-19,38273.965518418176
2025-01-20,38281.562185484974
2025-01-21,38289.15885255179
2025-01-22,38296.755519618586
2025-01-23,38304.3521866854
2025-01-24,38311.948853752205
2025-01-25,38319.54552081901
2025-01-26,38327.14218788582
2025-01-27,38334.73885495262
2025-01-28,38342.33552201943
2025-01-29,38349.93218908624
